problem,split,heuristic,method,seed,success,solution_length,optimal_length,solution_gap,nodes_expanded,nodes_generated,heuristic_evaluations,time_limit_seconds,node_limit,runtime_seconds_median,ebf,operator_count,tree_depth,prefix_expression,infix_expression,termination_reason
1,train,h1,Original,,1,8,8,0.0,992,1081,2073,5.0,,0.09356390000175452,2.195941942110437,,,,,goal
1,train,h2,Original,,1,9,8,0.125,752,982,1734,5.0,,0.07667049999872688,1.9242593695019536,,,,,goal
1,train,h4,Original,,1,8,8,0.0,473,1061,1534,5.0,,0.04536550000193529,1.9780660308642837,,,,,goal
1,train,h_admissible,Original,,1,8,8,0.0,960,1082,2042,5.0,,0.07357140000385698,2.185919686161128,,,,,goal
1,train,h5,Original,,1,8,8,0.0,460,1052,1512,5.0,,0.04534649999550311,1.970198892944154,,,,,goal
1,train,GP_1,GP,,1,8,8,0.0,45,256,301,5.0,,0.0019074000010732561,1.3792962750885636,3,4,(* (* (* V S) B) S),(((V * S) * B) * S),goal
1,train,GP_2,GP,,1,8,8,0.0,45,256,301,5.0,,0.002264299997477792,1.3792962750885636,5,6,(* (* (* (* (* V S) B) S) S) S),(((((V * S) * B) * S) * S) * S),goal
1,train,GP_3,GP,,1,8,8,0.0,87,406,493,5.0,,0.004907899994577747,1.5362157524214126,7,6,(+ (+ S B) (+ (+ B (min (abs K) (min S B))) B)),"((S + B) + ((B + min(abs(K), min(S, B))) + B))",goal
1,train,GEP_1,GEP,,1,9,8,0.125,36,195,231,5.0,,0.0016552000015508384,1.265992001077393,4,4,(* (* (* S V) (* C V)) S),(((S * V) * (C * V)) * S),goal
1,train,GEP_2,GEP,,1,9,8,0.125,36,195,231,5.0,,0.0016475000011269003,1.265992001077393,3,4,(* S (* (* V C) S)),(S * ((V * C) * S)),goal
1,train,GEP_3,GEP,,1,8,8,0.0,106,470,576,5.0,,0.006087800000386778,1.5845079705613898,3,4,(+ B (+ S (+ B B))),(B + (S + (B + B))),goal
2,train,h1,Original,,1,8,8,0.0,1170,1880,3050,5.0,,0.1074637999990955,2.246944109364847,,,,,goal
2,train,h2,Original,,1,9,8,0.125,267,692,959,5.0,,0.037958499997330364,1.6842660139327563,,,,,goal
2,train,h4,Original,,1,8,8,0.0,321,939,1260,5.0,,0.04075870000087889,1.8706292542046867,,,,,goal
2,train,h_admissible,Original,,1,8,8,0.0,933,1648,2581,5.0,,0.10364629999821773,2.17722957988326,,,,,goal
2,train,h5,Original,,1,8,8,0.0,289,891,1180,5.0,,0.05106769999838434,1.8422390113410074,,,,,goal
2,train,GP_1,GP,,1,10,8,0.25,37,210,247,5.0,,0.003092599996307399,1.2250697680283338,3,4,(* (* (* V S) B) S),(((V * S) * B) * S),goal
2,train,GP_2,GP,,1,10,8,0.25,37,210,247,5.0,,0.004003499998361804,1.2250697680283338,5,6,(* (* (* (* (* V S) B) S) S) S),(((((V * S) * B) * S) * S) * S),goal
2,train,GP_3,GP,,1,10,8,0.25,61,252,313,5.0,,0.005614000001514796,1.3139191065565683,7,6,(+ (+ S B) (+ (+ B (min (abs K) (min S B))) B)),"((S + B) + ((B + min(abs(K), min(S, B))) + B))",goal
2,train,GEP_1,GEP,,1,11,8,0.375,24,148,172,5.0,,0.002669399997103028,1.119090028339997,4,4,(* (* (* S V) (* C V)) S),(((S * V) * (C * V)) * S),goal
2,train,GEP_2,GEP,,1,11,8,0.375,24,148,172,5.0,,0.0034875999990617856,1.119090028339997,3,4,(* S (* (* V C) S)),(S * ((V * C) * S)),goal
2,train,GEP_3,GEP,,1,9,8,0.125,61,252,313,5.0,,0.006258899993554223,1.3725180332548916,3,4,(+ B (+ S (+ B B))),(B + (S + (B + B))),goal
3,validation,h1,Original,,1,14,14,0.0,703,810,1513,5.0,,0.06058420000044862,1.4730226331946596,,,,,goal
3,validation,h2,Original,,1,15,14,0.07142857142857142,452,598,1050,5.0,,0.038158800001838244,1.3798404275197527,,,,,goal
3,validation,h4,Original,,1,14,14,0.0,417,657,1074,5.0,,0.03229519999877084,1.4092055720793724,,,,,goal
3,validation,h_admissible,Original,,1,14,14,0.0,671,826,1497,5.0,,0.044701099999656435,1.4672764855365585,,,,,goal
3,validation,h5,Original,,1,14,14,0.0,417,657,1074,5.0,,0.032141600000613835,1.4092055720793724,,,,,goal
3,validation,GP_1,GP,,1,15,14,0.07142857142857142,337,727,1064,5.0,,0.016030200000386685,1.3474533115659142,3,4,(* (* (* V S) B) S),(((V * S) * B) * S),goal
3,validation,GP_2,GP,,1,15,14,0.07142857142857142,337,727,1064,5.0,,0.014636599997174926,1.3474533115659142,5,6,(* (* (* (* (* V S) B) S) S) S),(((((V * S) * B) * S) * S) * S),goal
3,validation,GP_3,GP,,1,14,14,0.0,386,491,877,5.0,,0.017007500006002374,1.399868645256447,7,6,(+ (+ S B) (+ (+ B (min (abs K) (min S B))) B)),"((S + B) + ((B + min(abs(K), min(S, B))) + B))",goal
3,validation,GEP_1,GEP,,1,15,14,0.07142857142857142,364,774,1138,5.0,,0.016819099997519515,1.3559322750650153,4,4,(* (* (* S V) (* C V)) S),(((S * V) * (C * V)) * S),goal
3,validation,GEP_2,GEP,,1,15,14,0.07142857142857142,374,778,1152,5.0,,0.020251800000551157,1.3589175274748868,3,4,(* S (* (* V C) S)),(S * ((V * C) * S)),goal
3,validation,GEP_3,GEP,,1,14,14,0.0,412,578,990,5.0,,0.020518899997114204,1.4077459861057378,3,4,(+ B (+ S (+ B B))),(B + (S + (B + B))),goal
4,train,h1,Original,,1,9,9,0.0,241,346,587,5.0,,0.015290300005290192,1.6616321083856747,,,,,goal
4,train,h2,Original,,1,9,9,0.0,119,265,384,5.0,,0.012373400000797119,1.5102184610514087,,,,,goal
4,train,h4,Original,,1,9,9,0.0,41,131,172,5.0,,0.003732600001967512,1.2921919646905735,,,,,goal
4,train,h_admissible,Original,,1,9,9,0.0,160,308,468,5.0,,0.015022399995359592,1.5728502389883943,,,,,goal
4,train,h5,Original,,1,9,9,0.0,41,131,172,5.0,,0.0028840000013587996,1.2921919646905735,,,,,goal
4,train,GP_1,GP,,1,10,9,0.1111111111111111,36,131,167,5.0,,0.001407100004144013,1.2201880008215085,3,4,(* (* (* V S) B) S),(((V * S) * B) * S),goal
4,train,GP_2,GP,,1,10,9,0.1111111111111111,36,131,167,5.0,,0.0013331999944057316,1.2201880008215085,5,6,(* (* (* (* (* V S) B) S) S) S),(((((V * S) * B) * S) * S) * S),goal
4,train,GP_3,GP,,1,9,9,0.0,36,104,140,5.0,,0.0013532000011764467,1.265992001077393,7,6,(+ (+ S B) (+ (+ B (min (abs K) (min S B))) B)),"((S + B) + ((B + min(abs(K), min(S, B))) + B))",goal
4,train,GEP_1,GEP,,1,10,9,0.1111111111111111,36,131,167,5.0,,0.0015323999978136271,1.2201880008215085,4,4,(* (* (* S V) (* C V)) S),(((S * V) * (C * V)) * S),goal
4,train,GEP_2,GEP,,1,10,9,0.1111111111111111,36,131,167,5.0,,0.0014250999956857413,1.2201880008215085,3,4,(* S (* (* V C) S)),(S * ((V * C) * S)),goal
4,train,GEP_3,GEP,,1,9,9,0.0,37,110,147,5.0,,0.0015430999992531724,1.2715110845165327,3,4,(+ B (+ S (+ B B))),(B + (S + (B + B))),goal
5,test,h1,Original,,1,9,9,0.0,1202,1940,3142,5.0,,0.10657540000102017,2.0405746037187953,,,,,goal
5,test,h2,Original,,1,10,9,0.1111111111111111,753,1358,2111,5.0,,0.09880100000009406,1.7870621290194322,,,,,goal
5,test,h4,Original,,1,9,9,0.0,159,688,847,5.0,,0.022974199993768707,1.5715113185797236,,,,,goal
5,test,h_admissible,Original,,1,9,9,0.0,871,1739,2610,5.0,,0.11935769999399781,1.9601404596804741,,,,,goal
5,test,h5,Original,,1,9,9,0.0,159,688,847,5.0,,0.025832299994362984,1.5715113185797236,,,,,goal
5,test,GP_1,GP,,1,9,9,0.0,24,193,217,5.0,,0.0023820999995223247,1.1840926895383745,3,4,(* (* (* V S) B) S),(((V * S) * B) * S),goal
5,test,GP_2,GP,,1,9,9,0.0,24,193,217,5.0,,0.0025757999974302948,1.1840926895383745,5,6,(* (* (* (* (* V S) B) S) S) S),(((((V * S) * B) * S) * S) * S),goal
5,test,GP_3,GP,,1,9,9,0.0,16,122,138,5.0,,0.0007668999969610013,1.1008170773275197,7,6,(+ (+ S B) (+ (+ B (min (abs K) (min S B))) B)),"((S + B) + ((B + min(abs(K), min(S, B))) + B))",goal
5,test,GEP_1,GEP,,1,9,9,0.0,24,193,217,5.0,,0.00145160000101896,1.1840926895383745,4,4,(* (* (* S V) (* C V)) S),(((S * V) * (C * V)) * S),goal
5,test,GEP_2,GEP,,1,9,9,0.0,24,193,217,5.0,,0.0013303000014275312,1.1840926895383745,3,4,(* S (* (* V C) S)),(S * ((V * C) * S)),goal
5,test,GEP_3,GEP,,1,9,9,0.0,17,126,143,5.0,,0.0008922999986680225,1.1134212017059326,3,4,(+ B (+ S (+ B B))),(B + (S + (B + B))),goal
6,train,h1,Original,,1,9,9,0.0,1014,1340,2354,5.0,,0.08969390000129351,1.9977944781870463,,,,,goal
6,train,h2,Original,,1,10,9,0.1111111111111111,751,1144,1895,5.0,,0.08811050000076648,1.7865188826201575,,,,,goal
6,train,h4,Original,,1,10,9,0.1111111111111111,251,740,991,5.0,,0.030881899998348672,1.5716088662666152,,,,,goal
6,train,h_admissible,Original,,1,9,9,0.0,737,1169,1906,5.0,,0.07566310000402154,1.9193762939758017,,,,,goal
6,train,h5,Original,,1,10,9,0.1111111111111111,251,740,991,5.0,,0.03201190000254428,1.5716088662666152,,,,,goal
6,train,GP_1,GP,,1,11,9,0.2222222222222222,35,215,250,5.0,,0.002097499993396923,1.1803163496078923,3,4,(* (* (* V S) B) S),(((V * S) * B) * S),goal
6,train,GP_2,GP,,1,11,9,0.2222222222222222,35,215,250,5.0,,0.0018943999966722913,1.1803163496078923,5,6,(* (* (* (* (* V S) B) S) S) S),(((((V * S) * B) * S) * S) * S),goal
6,train,GP_3,GP,,1,10,9,0.1111111111111111,84,427,511,5.0,,0.0054701000044588,1.3709821515367366,7,6,(+ (+ S B) (+ (+ B (min (abs K) (min S B))) B)),"((S + B) + ((B + min(abs(K), min(S, B))) + B))",goal
6,train,GEP_1,GEP,,1,13,9,0.4444444444444444,36,224,260,5.0,,0.002846700001100544,1.1342384127201512,4,4,(* (* (* S V) (* C V)) S),(((S * V) * (C * V)) * S),goal
6,train,GEP_2,GEP,,1,13,9,0.4444444444444444,36,224,260,5.0,,0.003479600003629457,1.1342384127201512,3,4,(* S (* (* V C) S)),(S * ((V * C) * S)),goal
6,train,GEP_3,GEP,,1,10,9,0.1111111111111111,84,427,511,5.0,,0.005132400001457427,1.3709821515367366,3,4,(+ B (+ S (+ B B))),(B + (S + (B + B))),goal
7,train,h1,Original,,1,13,13,0.0,3250,5075,8325,5.0,,0.2828137000033166,1.7446839636876685,,,,,goal
7,train,h2,Original,,1,14,13,0.07692307692307693,1971,2658,4629,5.0,,0.1959327000004123,1.6034085998264516,,,,,goal
7,train,h4,Original,,1,13,13,0.0,1799,2898,4697,5.0,,0.1693308999965666,1.6578139557211955,,,,,goal
7,train,h_admissible,Original,,1,13,13,0.0,3046,4965,8011,5.0,,0.28917119999823626,1.7350063393692885,,,,,goal
7,train,h5,Original,,1,13,13,0.0,1733,2969,4702,5.0,,0.16413480000483105,1.6524278197427407,,,,,goal
7,train,GP_1,GP,,1,16,13,0.23076923076923078,2403,4438,6841,5.0,,0.14116389999981038,1.5214331507200285,3,4,(* (* (* V S) B) S),(((V * S) * B) * S),goal
7,train,GP_2,GP,,1,16,13,0.23076923076923078,2403,4438,6841,5.0,,0.14220360000035726,1.5214331507200285,5,6,(* (* (* (* (* V S) B) S) S) S),(((((V * S) * B) * S) * S) * S),goal
7,train,GP_3,GP,,1,13,13,0.0,2005,3207,5212,5.0,,0.11157779999484774,1.6735044955352691,7,6,(+ (+ S B) (+ (+ B (min (abs K) (min S B))) B)),"((S + B) + ((B + min(abs(K), min(S, B))) + B))",goal
7,train,GEP_1,GEP,,1,16,13,0.23076923076923078,1855,3605,5460,5.0,,0.10754119999910472,1.4936516552477315,4,4,(* (* (* S V) (* C V)) S),(((S * V) * (C * V)) * S),goal
7,train,GEP_2,GEP,,1,16,13,0.23076923076923078,1855,3605,5460,5.0,,0.10717180000210647,1.4936516552477315,3,4,(* S (* (* V C) S)),(S * ((V * C) * S)),goal
7,train,GEP_3,GEP,,1,13,13,0.0,2140,3524,5664,5.0,,0.11940930000127992,1.6829845105549808,3,4,(+ B (+ S (+ B B))),(B + (S + (B + B))),goal
8,validation,h1,Original,,1,12,12,0.0,925,954,1879,5.0,,0.07445200000074692,1.6328074407847453,,,,,goal
8,validation,h2,Original,,1,12,12,0.0,392,628,1020,5.0,,0.04826619999948889,1.5018212785352034,,,,,goal
8,validation,h4,Original,,1,12,12,0.0,342,873,1215,5.0,,0.041805100001511164,1.4815446791606064,,,,,goal
8,validation,h_admissible,Original,,1,12,12,0.0,808,954,1762,5.0,,0.07755530000576982,1.6117475814523914,,,,,goal
8,validation,h5,Original,,1,12,12,0.0,338,867,1205,5.0,,0.03617719999601832,1.4798025388522547,,,,,goal
8,validation,GP_1,GP,,1,13,12,0.08333333333333333,147,366,513,5.0,,0.008141599995724391,1.3180370109585056,3,4,(* (* (* V S) B) S),(((V * S) * B) * S),goal
8,validation,GP_2,GP,,1,13,12,0.08333333333333333,147,366,513,5.0,,0.007741000001260545,1.3180370109585056,5,6,(* (* (* (* (* V S) B) S) S) S),(((((V * S) * B) * S) * S) * S),goal
8,validation,GP_3,GP,,1,12,12,0.0,72,265,337,5.0,,0.004419700002472382,1.2565723641309887,7,6,(+ (+ S B) (+ (+ B (min (abs K) (min S B))) B)),"((S + B) + ((B + min(abs(K), min(S, B))) + B))",goal
8,validation,GEP_1,GEP,,1,13,12,0.08333333333333333,27,126,153,5.0,,0.0014544999939971603,1.095115635136608,4,4,(* (* (* S V) (* C V)) S),(((S * V) * (C * V)) * S),goal
8,validation,GEP_2,GEP,,1,13,12,0.08333333333333333,27,126,153,5.0,,0.0014635999978054315,1.095115635136608,3,4,(* S (* (* V C) S)),(S * ((V * C) * S)),goal
8,validation,GEP_3,GEP,,1,12,12,0.0,90,299,389,5.0,,0.005033100002037827,1.288398682820116,3,4,(+ B (+ S (+ B B))),(B + (S + (B + B))),goal
9,train,h1,Original,,1,12,12,0.0,612,806,1418,5.0,,0.04957229999854462,1.569003802987936,,,,,goal
9,train,h2,Original,,1,12,12,0.0,292,480,772,5.0,,0.03182599999854574,1.4582169326231451,,,,,goal
9,train,h4,Original,,1,12,12,0.0,296,653,949,5.0,,0.0303598000027705,1.4602185721046226,,,,,goal
9,train,h_admissible,Original,,1,12,12,0.0,539,810,1349,5.0,,0.05197249999764608,1.5496854989237363,,,,,goal
9,train,h5,Original,,1,12,12,0.0,203,545,748,5.0,,0.02863480000087293,1.4051383621208515,,,,,goal
9,train,GP_1,GP,,1,12,12,0.0,100,307,407,5.0,,0.005721299996366724,1.3034301015431993,3,4,(* (* (* V S) B) S),(((V * S) * B) * S),goal
9,train,GP_2,GP,,1,12,12,0.0,100,307,407,5.0,,0.008347800001502037,1.3034301015431993,5,6,(* (* (* (* (* V S) B) S) S) S),(((((V * S) * B) * S) * S) * S),goal
9,train,GP_3,GP,,1,12,12,0.0,136,352,488,5.0,,0.013563900000008289,1.3474033224574669,7,6,(+ (+ S B) (+ (+ B (min (abs K) (min S B))) B)),"((S + B) + ((B + min(abs(K), min(S, B))) + B))",goal
9,train,GEP_1,GEP,,1,12,12,0.0,100,307,407,5.0,,0.006230999999388587,1.3034301015431993,4,4,(* (* (* S V) (* C V)) S),(((S * V) * (C * V)) * S),goal
9,train,GEP_2,GEP,,1,12,12,0.0,100,307,407,5.0,,0.006321200002275873,1.3034301015431993,3,4,(* S (* (* V C) S)),(S * ((V * C) * S)),goal
9,train,GEP_3,GEP,,1,12,12,0.0,147,366,513,5.0,,0.0067456000033416785,1.3585656830655353,3,4,(+ B (+ S (+ B B))),(B + (S + (B + B))),goal
10,test,h1,Original,,1,17,17,0.0,1659,1897,3556,5.0,,0.144827099997201,1.443010517012297,,,,,goal
10,test,h2,Original,,1,18,17,0.058823529411764705,1414,1565,2979,5.0,,0.14555479999398813,1.3951896083576045,,,,,goal
10,test,h4,Original,,1,17,17,0.0,1332,1495,2827,5.0,,0.1296481000026688,1.4216411639385598,,,,,goal
10,test,h_admissible,Original,,1,17,17,0.0,1517,1708,3225,5.0,,0.13298570000188192,1.4342807103369921,,,,,goal
10,test,h5,Original,,1,17,17,0.0,1280,1481,2761,5.0,,0.1272532000002684,1.4177821820214263,,,,,goal
10,test,GP_1,GP,,1,20,17,0.17647058823529413,577,853,1430,5.0,,0.040264199997182004,1.2727654395512218,3,4,(* (* (* V S) B) S),(((V * S) * B) * S),goal
10,test,GP_2,GP,,1,20,17,0.17647058823529413,577,853,1430,5.0,,0.03564929999993183,1.2727654395512218,5,6,(* (* (* (* (* V S) B) S) S) S),(((((V * S) * B) * S) * S) * S),goal
10,test,GP_3,GP,,1,17,17,0.0,1292,1394,2686,5.0,,0.08297270000184653,1.4186859922932058,7,6,(+ (+ S B) (+ (+ B (min (abs K) (min S B))) B)),"((S + B) + ((B + min(abs(K), min(S, B))) + B))",goal
10,test,GEP_1,GEP,,1,20,17,0.17647058823529413,322,724,1046,5.0,,0.020958599998266436,1.2277297134110086,4,4,(* (* (* S V) (* C V)) S),(((S * V) * (C * V)) * S),goal
10,test,GEP_2,GEP,,1,20,17,0.17647058823529413,322,724,1046,5.0,,0.018105900002410635,1.2277297134110086,3,4,(* S (* (* V C) S)),(S * ((V * C) * S)),goal
10,test,GEP_3,GEP,,1,17,17,0.0,1294,1398,2692,5.0,,0.07921820000046864,1.4188358379352053,3,4,(+ B (+ S (+ B B))),(B + (S + (B + B))),goal
11,train,h1,Original,,1,25,25,0.0,779,839,1618,5.0,,0.05047270000068238,1.2187837813928581,,,,,goal
11,train,h2,Original,,1,26,25,0.04,689,786,1475,5.0,,0.0617227000038838,1.2005902704186155,,,,,goal
11,train,h4,Original,,1,26,25,0.04,571,852,1423,5.0,,0.04622489999746904,1.1899481467876285,,,,,goal
11,train,h_admissible,Original,,1,25,25,0.0,748,839,1587,5.0,,0.05751340000279015,1.21637899794203,,,,,goal
11,train,h5,Original,,1,26,25,0.04,577,871,1448,5.0,,0.046525199999450706,1.1905408663678827,,,,,goal
11,train,GP_1,GP,,1,28,25,0.12,770,1249,2019,5.0,,0.03725319999648491,1.1872730108092497,3,4,(* (* (* V S) B) S),(((V * S) * B) * S),goal
11,train,GP_2,GP,,1,28,25,0.12,770,1249,2019,5.0,,0.052439299994148314,1.1872730108092497,5,6,(* (* (* (* (* V S) B) S) S) S),(((((V * S) * B) * S) * S) * S),goal
11,train,GP_3,GP,,1,26,25,0.04,559,815,1374,5.0,,0.028866100001323503,1.1887435625166631,7,6,(+ (+ S B) (+ (+ B (min (abs K) (min S B))) B)),"((S + B) + ((B + min(abs(K), min(S, B))) + B))",goal
11,train,GEP_1,GEP,,1,28,25,0.12,543,935,1478,5.0,,0.027246800003922544,1.1690938645698452,4,4,(* (* (* S V) (* C V)) S),(((S * V) * (C * V)) * S),goal
11,train,GEP_2,GEP,,1,28,25,0.12,543,935,1478,5.0,,0.024541699996916577,1.1690938645698452,3,4,(* S (* (* V C) S)),(S * ((V * C) * S)),goal
11,train,GEP_3,GEP,,1,26,25,0.04,565,827,1392,5.0,,0.028037800002493896,1.1893490914360427,3,4,(+ B (+ S (+ B B))),(B + (S + (B + B))),goal
12,train,h1,Original,,1,17,17,0.0,1059,1272,2331,5.0,,0.07888019999518292,1.3994835183510759,,,,,goal
12,train,h2,Original,,1,17,17,0.0,589,731,1320,5.0,,0.06555370000569383,1.343479219714709,,,,,goal
12,train,h4,Original,,1,17,17,0.0,564,891,1455,5.0,,0.04769269999815151,1.3393711884143613,,,,,goal
12,train,h_admissible,Original,,1,17,17,0.0,832,1027,1859,5.0,,0.0670453999991878,1.3763455940263896,,,,,goal
12,train,h5,Original,,1,17,17,0.0,574,951,1525,5.0,,0.05156960000022082,1.3410353812479912,,,,,goal
12,train,GP_1,GP,,1,19,17,0.11764705882352941,307,686,993,5.0,,0.018495600001187995,1.240913876729337,3,4,(* (* (* V S) B) S),(((V * S) * B) * S),goal
12,train,GP_2,GP,,1,19,17,0.11764705882352941,307,686,993,5.0,,0.015440399998624343,1.240913876729337,5,6,(* (* (* (* (* V S) B) S) S) S),(((((V * S) * B) * S) * S) * S),goal
12,train,GP_3,GP,,1,17,17,0.0,395,675,1070,5.0,,0.01974329999939073,1.305764010910707,7,6,(+ (+ S B) (+ (+ B (min (abs K) (min S B))) B)),"((S + B) + ((B + min(abs(K), min(S, B))) + B))",goal
12,train,GEP_1,GEP,,1,19,17,0.11764705882352941,446,815,1261,5.0,,0.02262689999770373,1.271566590079999,4,4,(* (* (* S V) (* C V)) S),(((S * V) * (C * V)) * S),goal
12,train,GEP_2,GEP,,1,19,17,0.11764705882352941,446,815,1261,5.0,,0.02047339999990072,1.271566590079999,3,4,(* S (* (* V C) S)),(S * ((V * C) * S)),goal
12,train,GEP_3,GEP,,1,17,17,0.0,465,764,1229,5.0,,0.02198389999830397,1.3211327396629713,3,4,(+ B (+ S (+ B B))),(B + (S + (B + B))),goal
13,validation,h1,Original,,1,16,16,0.0,5035,6611,11646,5.0,,0.4647458999970695,1.6026371459697017,,,,,goal
13,validation,h2,Original,,1,18,16,0.125,4509,6024,10533,5.0,,0.5499272999950335,1.5016213420101536,,,,,goal
13,validation,h4,Original,,1,18,16,0.125,2530,3592,6122,5.0,,0.258091499999864,1.4480378128403082,,,,,goal
13,validation,h_admissible,Original,,1,16,16,0.0,3637,5144,8781,5.0,,0.35623479999776464,1.56658542841771,,,,,goal
13,validation,h5,Original,,1,18,16,0.125,2561,3729,6290,5.0,,0.24748669999826234,1.4491552652325481,,,,,goal
13,validation,GP_1,GP,,1,20,16,0.25,1499,2590,4089,5.0,,0.09037399999942863,1.3470445042467674,3,4,(* (* (* V S) B) S),(((V * S) * B) * S),goal
13,validation,GP_2,GP,,1,20,16,0.25,1499,2590,4089,5.0,,0.08560320000106003,1.3470445042467674,5,6,(* (* (* (* (* V S) B) S) S) S),(((((V * S) * B) * S) * S) * S),goal
13,validation,GP_3,GP,,1,18,16,0.125,2143,2996,5139,5.0,,0.14971820000209846,1.4328528804264593,7,6,(+ (+ S B) (+ (+ B (min (abs K) (min S B))) B)),"((S + B) + ((B + min(abs(K), min(S, B))) + B))",goal
13,validation,GEP_1,GEP,,1,21,16,0.3125,1521,2823,4344,5.0,,0.090201299994078,1.3260449745710048,4,4,(* (* (* S V) (* C V)) S),(((S * V) * (C * V)) * S),goal
13,validation,GEP_2,GEP,,1,21,16,0.3125,1521,2823,4344,5.0,,0.09455110000271816,1.3260449745710048,3,4,(* S (* (* V C) S)),(S * ((V * C) * S)),goal
13,validation,GEP_3,GEP,,1,18,16,0.125,2314,3179,5493,5.0,,0.1617201000044588,1.4398640524747037,3,4,(+ B (+ S (+ B B))),(B + (S + (B + B))),goal
14,train,h1,Original,,1,17,17,0.0,6038,9294,15332,5.0,,0.59156079999957,1.5725385591662833,,,,,goal
14,train,h2,Original,,1,18,17,0.058823529411764705,4326,6437,10763,5.0,,0.5585631999929319,1.4977396901767461,,,,,goal
14,train,h4,Original,,1,18,17,0.058823529411764705,3322,5083,8405,5.0,,0.34785849999752827,1.4731462118074266,,,,,goal
14,train,h_admissible,Original,,1,17,17,0.0,4238,7297,11535,5.0,,0.4496701000025496,1.536344693009311,,,,,goal
14,train,h5,Original,,1,18,17,0.058823529411764705,3274,5322,8596,5.0,,0.3448571000044467,1.4717979737100269,,,,,goal
14,train,GP_1,GP,,1,18,17,0.058823529411764705,1839,3138,4977,5.0,,0.1410704000008991,1.4189358774119825,3,4,(* (* (* V S) B) S),(((V * S) * B) * S),goal
14,train,GP_2,GP,,1,18,17,0.058823529411764705,1839,3138,4977,5.0,,0.11607609999919077,1.4189358774119825,5,6,(* (* (* (* (* V S) B) S) S) S),(((((V * S) * B) * S) * S) * S),goal
14,train,GP_3,GP,,1,18,17,0.058823529411764705,3539,6348,9887,5.0,,0.22811260000162292,1.4790164536250963,7,6,(+ (+ S B) (+ (+ B (min (abs K) (min S B))) B)),"((S + B) + ((B + min(abs(K), min(S, B))) + B))",goal
14,train,GEP_1,GEP,,1,18,17,0.058823529411764705,2283,3872,6155,5.0,,0.16609040000184905,1.4386309650056361,4,4,(* (* (* S V) (* C V)) S),(((S * V) * (C * V)) * S),goal
14,train,GEP_2,GEP,,1,18,17,0.058823529411764705,2283,3872,6155,5.0,,0.17052060000423808,1.4386309650056361,3,4,(* S (* (* V C) S)),(S * ((V * C) * S)),goal
14,train,GEP_3,GEP,,1,18,17,0.058823529411764705,3682,6646,10328,5.0,,0.23043419999885373,1.4826984798156584,3,4,(+ B (+ S (+ B B))),(B + (S + (B + B))),goal
15,test,h1,Original,,1,23,23,0.0,522,525,1047,5.0,,0.043770099997345824,1.2186671126193005,,,,,goal
15,test,h2,Original,,1,23,23,0.0,522,525,1047,5.0,,0.059055999998236075,1.2186671126193005,,,,,goal
15,test,h4,Original,,1,25,23,0.08695652173913043,484,567,1051,5.0,,0.04577229999995325,1.190563743132941,,,,,goal
15,test,h_admissible,Original,,1,23,23,0.0,522,526,1048,5.0,,0.046759900003962684,1.2186671126193005,,,,,goal
15,test,h5,Original,,1,25,23,0.08695652173913043,477,604,1081,5.0,,0.04460040000412846,1.1896979120446076,,,,,goal
15,test,GP_1,GP,,1,26,23,0.13043478260869565,267,397,664,5.0,,0.014863800002785865,1.1465289777265752,3,4,(* (* (* V S) B) S),(((V * S) * B) * S),goal
15,test,GP_2,GP,,1,26,23,0.13043478260869565,267,397,664,5.0,,0.01724100000137696,1.1465289777265752,5,6,(* (* (* (* (* V S) B) S) S) S),(((((V * S) * B) * S) * S) * S),goal
15,test,GP_3,GP,,1,24,23,0.043478260869565216,383,449,832,5.0,,0.02274279999983264,1.1869699916026093,7,6,(+ (+ S B) (+ (+ B (min (abs K) (min S B))) B)),"((S + B) + ((B + min(abs(K), min(S, B))) + B))",goal
15,test,GEP_1,GEP,,1,26,23,0.13043478260869565,313,556,869,5.0,,0.01634370000101626,1.155677903945616,4,4,(* (* (* S V) (* C V)) S),(((S * V) * (C * V)) * S),goal
15,test,GEP_2,GEP,,1,26,23,0.13043478260869565,313,556,869,5.0,,0.0239138000033563,1.155677903945616,3,4,(* S (* (* V C) S)),(S * ((V * C) * S)),goal
15,test,GEP_3,GEP,,1,23,23,0.0,415,487,902,5.0,,0.02429110000230139,1.2036554558339958,3,4,(+ B (+ S (+ B B))),(B + (S + (B + B))),goal
16,train,h1,Original,,1,21,21,0.0,2158,2516,4674,5.0,,0.18419060000451282,1.3519448552693873,,,,,goal
16,train,h2,Original,,1,21,21,0.0,1699,1987,3686,5.0,,0.17740390000108164,1.3342176360335074,,,,,goal
16,train,h4,Original,,1,21,21,0.0,1707,2161,3868,5.0,,0.1582507999992231,1.334564954016173,,,,,goal
16,train,h_admissible,Original,,1,21,21,0.0,1917,2216,4133,5.0,,0.19335500000306638,1.3431545228408197,,,,,goal
16,train,h5,Original,,1,21,21,0.0,1688,2214,3902,5.0,,0.17508239999733632,1.3337374514103466,,,,,goal
16,train,GP_1,GP,,1,27,21,0.2857142857142857,1113,1871,2984,5.0,,0.0640789000026416,1.216576575098884,3,4,(* (* (* V S) B) S),(((V * S) * B) * S),goal
16,train,GP_2,GP,,1,27,21,0.2857142857142857,1113,1871,2984,5.0,,0.07158540000091307,1.216576575098884,5,6,(* (* (* (* (* V S) B) S) S) S),(((((V * S) * B) * S) * S) * S),goal
16,train,GP_3,GP,,1,21,21,0.0,1534,2116,3650,5.0,,0.09474480000062613,1.3266727952900652,7,6,(+ (+ S B) (+ (+ B (min (abs K) (min S B))) B)),"((S + B) + ((B + min(abs(K), min(S, B))) + B))",goal
16,train,GEP_1,GEP,,1,27,21,0.2857142857142857,1307,2057,3364,5.0,,0.0788133000023663,1.2252651378084778,4,4,(* (* (* S V) (* C V)) S),(((S * V) * (C * V)) * S),goal
16,train,GEP_2,GEP,,1,27,21,0.2857142857142857,1307,2057,3364,5.0,,0.08048179999605054,1.2252651378084778,3,4,(* S (* (* V C) S)),(S * ((V * C) * S)),goal
16,train,GEP_3,GEP,,1,21,21,0.0,1594,2154,3748,5.0,,0.09427810000488535,1.329504481277901,3,4,(+ B (+ S (+ B B))),(B + (S + (B + B))),goal
17,train,h1,Original,,1,24,24,0.0,2050,2120,4170,5.0,,0.17276750000019092,1.2914650710717908,,,,,goal
17,train,h2,Original,,1,25,24,0.041666666666666664,1738,1973,3711,5.0,,0.1893144999994547,1.2663557629147277,,,,,goal
17,train,h4,Original,,1,26,24,0.08333333333333333,1182,1938,3120,5.0,,0.12868510000407696,1.2311110374612966,,,,,goal
17,train,h_admissible,Original,,1,24,24,0.0,1821,2118,3939,5.0,,0.17034070000227075,1.284049301993221,,,,,goal
17,train,h5,Original,,1,27,24,0.125,1085,1722,2807,5.0,,0.11796200000389945,1.2151988404601752,,,,,goal
17,train,GP_1,GP,,1,28,24,0.16666666666666666,624,1136,1760,5.0,,0.03778940000483999,1.176341373255923,3,4,(* (* (* V S) B) S),(((V * S) * B) * S),goal
17,train,GP_2,GP,,1,28,24,0.16666666666666666,624,1136,1760,5.0,,0.04023510000115493,1.176341373255923,5,6,(* (* (* (* (* V S) B) S) S) S),(((((V * S) * B) * S) * S) * S),goal
17,train,GP_3,GP,,1,25,24,0.041666666666666664,841,1096,1937,5.0,,0.05137290000129724,1.2233183403404837,7,6,(+ (+ S B) (+ (+ B (min (abs K) (min S B))) B)),"((S + B) + ((B + min(abs(K), min(S, B))) + B))",goal
17,train,GEP_1,GEP,,1,28,24,0.16666666666666666,728,1225,1953,5.0,,0.04822029999922961,1.1843592417188944,4,4,(* (* (* S V) (* C V)) S),(((S * V) * (C * V)) * S),goal
17,train,GEP_2,GEP,,1,28,24,0.16666666666666666,728,1225,1953,5.0,,0.04435389999707695,1.1843592417188944,3,4,(* S (* (* V C) S)),(S * ((V * C) * S)),goal
17,train,GEP_3,GEP,,1,26,24,0.08333333333333333,869,1162,2031,5.0,,0.054635999993479345,1.2137196524582237,3,4,(+ B (+ S (+ B B))),(B + (S + (B + B))),goal
18,validation,h1,Original,,1,25,25,0.0,1545,1587,3132,5.0,,0.11007499999686843,1.2593622847136317,,,,,goal
18,validation,h2,Original,,1,25,25,0.0,1366,1549,2915,5.0,,0.12657700000272598,1.2520545845199962,,,,,goal
18,validation,h4,Original,,1,25,25,0.0,911,1298,2209,5.0,,0.08410640000511194,1.2280522719487976,,,,,goal
18,validation,h_admissible,Original,,1,25,25,0.0,1424,1587,3011,5.0,,0.11029720000078669,1.254521533553195,,,,,goal
18,validation,h5,Original,,1,25,25,0.0,911,1298,2209,5.0,,0.06957179999881191,1.2280522719487976,,,,,goal
18,validation,GP_1,GP,,1,26,25,0.04,409,963,1372,5.0,,0.01983299999847077,1.1709798785313978,3,4,(* (* (* V S) B) S),(((V * S) * B) * S),goal
18,validation,GP_2,GP,,1,26,25,0.04,409,963,1372,5.0,,0.0201152000008733,1.1709798785313978,5,6,(* (* (* (* (* V S) B) S) S) S),(((((V * S) * B) * S) * S) * S),goal
18,validation,GP_3,GP,,1,25,25,0.0,844,1173,2017,5.0,,0.04446489999827463,1.2235291786317362,7,6,(+ (+ S B) (+ (+ B (min (abs K) (min S B))) B)),"((S + B) + ((B + min(abs(K), min(S, B))) + B))",goal
18,validation,GEP_1,GEP,,1,26,25,0.04,401,966,1367,5.0,,0.022243999999773223,1.1698533459602913,4,4,(* (* (* S V) (* C V)) S),(((S * V) * (C * V)) * S),goal
18,validation,GEP_2,GEP,,1,26,25,0.04,401,966,1367,5.0,,0.019682700003613718,1.1698533459602913,3,4,(* S (* (* V C) S)),(S * ((V * C) * S)),goal
18,validation,GEP_3,GEP,,1,25,25,0.0,845,1179,2024,5.0,,0.044892599995364435,1.2235992914720555,3,4,(+ B (+ S (+ B B))),(B + (S + (B + B))),goal
19,train,h1,Original,,1,22,22,0.0,483,526,1009,5.0,,0.02867580000020098,1.2270786471983683,,,,,goal
19,train,h2,Original,,1,22,22,0.0,459,487,946,5.0,,0.03715260000171838,1.2235659903766418,,,,,goal
19,train,h4,Original,,1,22,22,0.0,447,527,974,5.0,,0.030607799999415874,1.2217398352004238,,,,,goal
19,train,h_admissible,Original,,1,22,22,0.0,480,526,1006,5.0,,0.03056539999670349,1.2266492702931373,,,,,goal
19,train,h5,Original,,1,22,22,0.0,458,599,1057,5.0,,0.029351999997743405,1.223415654283599,,,,,goal
19,train,GP_1,GP,,1,22,22,0.0,374,527,901,5.0,,0.016181999999389518,1.2094401571545177,3,4,(* (* (* V S) B) S),(((V * S) * B) * S),goal
19,train,GP_2,GP,,1,22,22,0.0,374,527,901,5.0,,0.01407630000176141,1.2094401571545177,5,6,(* (* (* (* (* V S) B) S) S) S),(((((V * S) * B) * S) * S) * S),goal
19,train,GP_3,GP,,1,22,22,0.0,438,507,945,5.0,,0.0189639999953215,1.2203375735106192,7,6,(+ (+ S B) (+ (+ B (min (abs K) (min S B))) B)),"((S + B) + ((B + min(abs(K), min(S, B))) + B))",goal
19,train,GEP_1,GEP,,1,23,22,0.045454545454545456,340,478,818,5.0,,0.014242700002796482,1.190580219081312,4,4,(* (* (* S V) (* C V)) S),(((S * V) * (C * V)) * S),goal
19,train,GEP_2,GEP,,1,23,22,0.045454545454545456,340,478,818,5.0,,0.01632600000448292,1.190580219081312,3,4,(* S (* (* V C) S)),(S * ((V * C) * S)),goal
19,train,GEP_3,GEP,,1,22,22,0.0,443,512,955,5.0,,0.021112199996423442,1.2211201465701151,3,4,(+ B (+ S (+ B B))),(B + (S + (B + B))),goal
20,test,h1,Original,,1,10,10,0.0,943,1501,2444,5.0,,0.09358680000150343,1.8334421785255017,,,,,goal
20,test,h2,Original,,1,11,10,0.1,417,946,1363,5.0,,0.06579969999438617,1.5805762757081538,,,,,goal
20,test,h4,Original,,1,10,10,0.0,244,708,952,5.0,,0.03293090000079246,1.566275386088364,,,,,goal
20,test,h_admissible,Original,,1,10,10,0.0,704,1358,2062,5.0,,0.06409089999942807,1.7733531208604632,,,,,goal
20,test,h5,Original,,1,11,10,0.1,192,507,699,5.0,,0.01774920000025304,1.4519302741464344,,,,,goal
20,test,GP_1,GP,,1,11,10,0.1,182,494,676,5.0,,0.014656100000138395,1.443239307519434,3,4,(* (* (* V S) B) S),(((V * S) * B) * S),goal
20,test,GP_2,GP,,1,11,10,0.1,182,494,676,5.0,,0.00897860000259243,1.443239307519434,5,6,(* (* (* (* (* V S) B) S) S) S),(((((V * S) * B) * S) * S) * S),goal
20,test,GP_3,GP,,1,11,10,0.1,250,618,868,5.0,,0.014704199995321687,1.4951323755590238,7,6,(+ (+ S B) (+ (+ B (min (abs K) (min S B))) B)),"((S + B) + ((B + min(abs(K), min(S, B))) + B))",goal
20,test,GEP_1,GEP,,1,11,10,0.1,182,494,676,5.0,,0.009497999999439344,1.443239307519434,4,4,(* (* (* S V) (* C V)) S),(((S * V) * (C * V)) * S),goal
20,test,GEP_2,GEP,,1,11,10,0.1,182,494,676,5.0,,0.010854300002392847,1.443239307519434,3,4,(* S (* (* V C) S)),(S * ((V * C) * S)),goal
20,test,GEP_3,GEP,,1,11,10,0.1,811,1557,2368,5.0,,0.04774380000162637,1.695709660187731,3,4,(+ B (+ S (+ B B))),(B + (S + (B + B))),goal
21,train,h1,Original,,1,21,21,0.0,250,259,509,5.0,,0.013480800000252202,1.1940877985530278,,,,,goal
21,train,h2,Original,,1,21,21,0.0,242,253,495,5.0,,0.017566800001077354,1.1917046333830967,,,,,goal
21,train,h4,Original,,1,21,21,0.0,195,253,448,5.0,,0.011650599997665267,1.1758357786648048,,,,,goal
21,train,h_admissible,Original,,1,21,21,0.0,250,259,509,5.0,,0.014400499996554572,1.1940877985530278,,,,,goal
21,train,h5,Original,,1,21,21,0.0,195,253,448,5.0,,0.011921199999051169,1.1758357786648048,,,,,goal
21,train,GP_1,GP,,1,22,21,0.047619047619047616,168,262,430,5.0,,0.008703999999852385,1.1537586304034448,3,4,(* (* (* V S) B) S),(((V * S) * B) * S),goal
21,train,GP_2,GP,,1,22,21,0.047619047619047616,168,262,430,5.0,,0.006323100002191495,1.1537586304034448,5,6,(* (* (* (* (* V S) B) S) S) S),(((((V * S) * B) * S) * S) * S),goal
21,train,GP_3,GP,,1,21,21,0.0,191,239,430,5.0,,0.00895479999599047,1.174307802635667,7,6,(+ (+ S B) (+ (+ B (min (abs K) (min S B))) B)),"((S + B) + ((B + min(abs(K), min(S, B))) + B))",goal
21,train,GEP_1,GEP,,1,22,21,0.047619047619047616,168,265,433,5.0,,0.008685400003741961,1.1537586304034448,4,4,(* (* (* S V) (* C V)) S),(((S * V) * (C * V)) * S),goal
21,train,GEP_2,GEP,,1,22,21,0.047619047619047616,168,265,433,5.0,,0.006129999994300306,1.1537586304034448,3,4,(* S (* (* V C) S)),(S * ((V * C) * S)),goal
21,train,GEP_3,GEP,,1,21,21,0.0,192,241,433,5.0,,0.00750279999920167,1.1746928659231344,3,4,(+ B (+ S (+ B B))),(B + (S + (B + B))),goal
22,train,h1,Original,,1,26,26,0.0,3103,3628,6731,5.0,,0.25180469999759225,1.285885646977741,,,,,goal
22,train,h2,Original,,1,26,26,0.0,2469,3052,5521,5.0,,0.2742692999963765,1.2728636581818549,,,,,goal
22,train,h4,Original,,1,26,26,0.0,1694,3375,5069,5.0,,0.1829384000011487,1.2514786205843684,,,,,goal
22,train,h_admissible,Original,,1,26,26,0.0,2765,3526,6291,5.0,,0.25154509999993024,1.2793096250869596,,,,,goal
22,train,h5,Original,,1,26,26,0.0,1543,3329,4872,5.0,,0.17121149999729823,1.2461903957231044,,,,,goal
22,train,GP_1,GP,,1,29,26,0.11538461538461539,966,2309,3275,5.0,,0.058922999996866565,1.1899633061661632,3,4,(* (* (* V S) B) S),(((V * S) * B) * S),goal
22,train,GP_2,GP,,1,29,26,0.11538461538461539,966,2309,3275,5.0,,0.05459780000091996,1.1899633061661632,5,6,(* (* (* (* (* V S) B) S) S) S),(((((V * S) * B) * S) * S) * S),goal
22,train,GP_3,GP,,1,26,26,0.0,1169,2730,3899,5.0,,0.07896140000229934,1.2304856937224713,7,6,(+ (+ S B) (+ (+ B (min (abs K) (min S B))) B)),"((S + B) + ((B + min(abs(K), min(S, B))) + B))",goal
22,train,GEP_1,GEP,,1,29,26,0.11538461538461539,807,2037,2844,5.0,,0.043563500003074296,1.1810021164492355,4,4,(* (* (* S V) (* C V)) S),(((S * V) * (C * V)) * S),goal
22,train,GEP_2,GEP,,1,29,26,0.11538461538461539,787,2022,2809,5.0,,0.050454699994588736,1.1797503779436909,3,4,(* S (* (* V C) S)),(S * ((V * C) * S)),goal
22,train,GEP_3,GEP,,1,26,26,0.0,1164,2601,3765,5.0,,0.07027360000211047,1.2302433285433239,3,4,(+ B (+ S (+ B B))),(B + (S + (B + B))),goal
23,validation,h1,Original,,1,29,29,0.0,1718,2065,3783,5.0,,0.12835199999972247,1.2185991933995872,,,,,goal
23,validation,h2,Original,,1,30,29,0.034482758620689655,1304,1645,2949,5.0,,0.12871460000314983,1.1959517108019107,,,,,goal
23,validation,h4,Original,,1,29,29,0.0,1073,1894,2967,5.0,,0.10651080000388902,1.195192007342257,,,,,goal
23,validation,h_admissible,Original,,1,29,29,0.0,1559,1944,3503,5.0,,0.1287815999967279,1.2137702399145809,,,,,goal
23,validation,h5,Original,,1,30,29,0.034482758620689655,1007,1875,2882,5.0,,0.09295389999897452,1.183587936359757,,,,,goal
23,validation,GP_1,GP,,1,34,29,0.1724137931034483,1000,1553,2553,5.0,,0.05259630000364268,1.155265496427539,3,4,(* (* (* V S) B) S),(((V * S) * B) * S),goal
23,validation,GP_2,GP,,1,34,29,0.1724137931034483,1000,1553,2553,5.0,,0.05322110000270186,1.155265496427539,5,6,(* (* (* (* (* V S) B) S) S) S),(((((V * S) * B) * S) * S) * S),goal
23,validation,GP_3,GP,,1,30,29,0.034482758620689655,1026,1898,2924,5.0,,0.06573039999784669,1.1844828162685275,7,6,(+ (+ S B) (+ (+ B (min (abs K) (min S B))) B)),"((S + B) + ((B + min(abs(K), min(S, B))) + B))",goal
23,validation,GEP_1,GEP,,1,34,29,0.1724137931034483,903,1473,2376,5.0,,0.04209080000146059,1.151019497752685,4,4,(* (* (* S V) (* C V)) S),(((S * V) * (C * V)) * S),goal
23,validation,GEP_2,GEP,,1,34,29,0.1724137931034483,903,1473,2376,5.0,,0.04812159999710275,1.151019497752685,3,4,(* S (* (* V C) S)),(S * ((V * C) * S)),goal
23,validation,GEP_3,GEP,,1,30,29,0.034482758620689655,1223,2001,3224,5.0,,0.06344080000417307,1.1928856789759976,3,4,(+ B (+ S (+ B B))),(B + (S + (B + B))),goal
24,train,h1,Original,,1,25,25,0.0,4218,4377,8595,5.0,,0.3241591000041808,1.3193965630125564,,,,,goal
24,train,h2,Original,,1,25,25,0.0,3914,4137,8051,5.0,,0.4307193999993615,1.314890962242603,,,,,goal
24,train,h4,Original,,1,25,25,0.0,3782,4283,8065,5.0,,0.31943820000014966,1.312826678155142,,,,,goal
24,train,h_admissible,Original,,1,25,25,0.0,4066,4305,8371,5.0,,0.3460034000017913,1.3171850620288597,,,,,goal
24,train,h5,Original,,1,25,25,0.0,3808,4327,8135,5.0,,0.30992369999876246,1.3132388118946876,,,,,goal
24,train,GP_1,GP,,1,26,25,0.04,3293,4368,7661,5.0,,0.2073441000029561,1.2892787059076092,3,4,(* (* (* V S) B) S),(((V * S) * B) * S),goal
24,train,GP_2,GP,,1,26,25,0.04,3293,4368,7661,5.0,,0.2083407000027364,1.2892787059076092,5,6,(* (* (* (* (* V S) B) S) S) S),(((((V * S) * B) * S) * S) * S),goal
24,train,GP_3,GP,,1,25,25,0.0,3782,4236,8018,5.0,,0.23390639999706764,1.312826678155142,7,6,(+ (+ S B) (+ (+ B (min (abs K) (min S B))) B)),"((S + B) + ((B + min(abs(K), min(S, B))) + B))",goal
24,train,GEP_1,GEP,,1,28,25,0.12,3143,4076,7219,5.0,,0.19973279999976512,1.2602525534285611,4,4,(* (* (* S V) (* C V)) S),(((S * V) * (C * V)) * S),goal
24,train,GEP_2,GEP,,1,28,25,0.12,3143,4076,7219,5.0,,0.19614500000170665,1.2602525534285611,3,4,(* S (* (* V C) S)),(S * ((V * C) * S)),goal
24,train,GEP_3,GEP,,1,25,25,0.0,3832,4309,8141,5.0,,0.23033890000078827,1.3136168000067592,3,4,(+ B (+ S (+ B B))),(B + (S + (B + B))),goal
25,test,h1,Original,,1,27,27,0.0,7507,8238,15745,5.0,,0.6801156000001356,1.3206018007433764,,,,,goal
25,test,h2,Original,,1,29,27,0.07407407407407407,6971,7871,14842,5.0,,0.8486738999999943,1.2886306058346366,,,,,goal
25,test,h4,Original,,1,28,27,0.037037037037037035,5602,8097,13699,5.0,,0.6303081000005477,1.2904726290966422,,,,,goal
25,test,h_admissible,Original,,1,27,27,0.0,6453,7478,13931,5.0,,0.6707269000035012,1.31225194432304,,,,,goal
25,test,h5,Original,,1,28,27,0.037037037037037035,5783,9041,14824,5.0,,0.6358122000019648,1.2921428626040878,,,,,goal
25,test,GP_1,GP,,1,30,27,0.1111111111111111,6295,13794,20089,5.0,,0.42804070000420325,1.2714123788801364,3,4,(* (* (* V S) B) S),(((V * S) * B) * S),goal
25,test,GP_2,GP,,1,30,27,0.1111111111111111,6295,13794,20089,5.0,,0.4297854999967967,1.2714123788801364,5,6,(* (* (* (* (* V S) B) S) S) S),(((((V * S) * B) * S) * S) * S),goal
25,test,GP_3,GP,,1,27,27,0.0,5760,8251,14011,5.0,,0.40146960000129184,1.305997628865502,7,6,(+ (+ S B) (+ (+ B (min (abs K) (min S B))) B)),"((S + B) + ((B + min(abs(K), min(S, B))) + B))",goal
25,test,GEP_1,GEP,,1,29,27,0.07407407407407407,10292,20626,30918,5.0,,0.7225305999963894,1.3083456018931465,4,4,(* (* (* S V) (* C V)) S),(((S * V) * (C * V)) * S),goal
25,test,GEP_2,GEP,,1,29,27,0.07407407407407407,10292,20626,30918,5.0,,0.7459371000004467,1.3083456018931465,3,4,(* S (* (* V C) S)),(S * ((V * C) * S)),goal
25,test,GEP_3,GEP,,1,27,27,0.0,5761,8216,13977,5.0,,0.4108788999947137,1.306007175666707,3,4,(+ B (+ S (+ B B))),(B + (S + (B + B))),goal
26,train,h1,Original,,1,28,28,0.0,4251,4575,8826,5.0,,0.3745980999956373,1.2760121265488191,,,,,goal
26,train,h2,Original,,1,28,28,0.0,3744,3856,7600,5.0,,0.44762120000086725,1.2693768348126708,,,,,goal
26,train,h4,Original,,1,28,28,0.0,3499,5200,8699,5.0,,0.36235889999807114,1.2658454436976783,,,,,goal
26,train,h_admissible,Original,,1,28,28,0.0,3938,4285,8223,5.0,,0.37775780000083614,1.2720148866252154,,,,,goal
26,train,h5,Original,,1,28,28,0.0,3363,5236,8599,5.0,,0.35694800000055693,1.2637782166489835,,,,,goal
26,train,GP_1,GP,,1,30,28,0.07142857142857142,772,2646,3418,5.0,,0.05027249999693595,1.1708470469772152,3,4,(* (* (* V S) B) S),(((V * S) * B) * S),goal
26,train,GP_2,GP,,1,30,28,0.07142857142857142,772,2646,3418,5.0,,0.05026189999625785,1.1708470469772152,5,6,(* (* (* (* (* V S) B) S) S) S),(((((V * S) * B) * S) * S) * S),goal
26,train,GP_3,GP,,1,28,28,0.0,2703,5071,7774,5.0,,0.18202109999401728,1.2524027337876973,7,6,(+ (+ S B) (+ (+ B (min (abs K) (min S B))) B)),"((S + B) + ((B + min(abs(K), min(S, B))) + B))",goal
26,train,GEP_1,GEP,,1,31,28,0.10714285714285714,772,2676,3448,5.0,,0.05488230000628391,1.163504062102433,4,4,(* (* (* S V) (* C V)) S),(((S * V) * (C * V)) * S),goal
26,train,GEP_2,GEP,,1,31,28,0.10714285714285714,772,2676,3448,5.0,,0.056864099999074824,1.163504062102433,3,4,(* S (* (* V C) S)),(S * ((V * C) * S)),goal
26,train,GEP_3,GEP,,1,28,28,0.0,2743,5169,7912,5.0,,0.17463030000362778,1.253166795478208,3,4,(+ B (+ S (+ B B))),(B + (S + (B + B))),goal
27,train,h1,Original,,1,28,28,0.0,2427,2659,5086,5.0,,0.196925199998077,1.246803878495868,,,,,goal
27,train,h2,Original,,1,29,28,0.03571428571428571,2226,2418,4644,5.0,,0.21575619999930495,1.2314868640592938,,,,,goal
27,train,h4,Original,,1,28,28,0.0,2055,3065,5120,5.0,,0.19705969999631634,1.2381648840516917,,,,,goal
27,train,h_admissible,Original,,1,28,28,0.0,2291,2556,4847,5.0,,0.18333649999840418,1.2438083398472024,,,,,goal
27,train,h5,Original,,1,28,28,0.0,2109,3141,5250,5.0,,0.18423120000079507,1.2395109750279332,,,,,goal
27,train,GP_1,GP,,1,36,28,0.2857142857142857,2191,4055,6246,5.0,,0.18052419999730773,1.1744116409660812,3,4,(* (* (* V S) B) S),(((V * S) * B) * S),goal
27,train,GP_2,GP,,1,36,28,0.2857142857142857,2191,4055,6246,5.0,,0.14948710000317078,1.1744116409660812,5,6,(* (* (* (* (* V S) B) S) S) S),(((((V * S) * B) * S) * S) * S),goal
27,train,GP_3,GP,,1,28,28,0.0,1854,3406,5260,5.0,,0.10141740000108257,1.2328253277670846,7,6,(+ (+ S B) (+ (+ B (min (abs K) (min S B))) B)),"((S + B) + ((B + min(abs(K), min(S, B))) + B))",goal
27,train,GEP_1,GEP,,1,36,28,0.2857142857142857,2158,4150,6308,5.0,,0.11742870000307448,1.1738246226527682,4,4,(* (* (* S V) (* C V)) S),(((S * V) * (C * V)) * S),goal
27,train,GEP_2,GEP,,1,36,28,0.2857142857142857,2158,4150,6308,5.0,,0.10882560000027297,1.1738246226527682,3,4,(* S (* (* V C) S)),(S * ((V * C) * S)),goal
27,train,GEP_3,GEP,,1,28,28,0.0,1980,3283,5263,5.0,,0.10205800000403542,1.2362358270939886,3,4,(+ B (+ S (+ B B))),(B + (S + (B + B))),goal
28,validation,h1,Original,,1,30,30,0.0,1694,1993,3687,5.0,,0.14678830000048038,1.2084559799238086,,,,,goal
28,validation,h2,Original,,1,30,30,0.0,762,1175,1937,5.0,,0.0861566000021412,1.1702208880765284,,,,,goal
28,validation,h4,Original,,1,30,30,0.0,754,1584,2338,5.0,,0.07891110000491608,1.169713929662123,,,,,goal
28,validation,h_admissible,Original,,1,30,30,0.0,1441,1879,3320,5.0,,0.1322647999986657,1.2007265669033131,,,,,goal
28,validation,h5,Original,,1,31,30,0.03333333333333333,739,1618,2357,5.0,,0.08332969999901252,1.1614812683879734,,,,,goal
28,validation,GP_1,GP,,1,32,30,0.06666666666666667,368,622,990,5.0,,0.019649400004709605,1.1232912223302378,3,4,(* (* (* V S) B) S),(((V * S) * B) * S),goal
28,validation,GP_2,GP,,1,32,30,0.06666666666666667,368,622,990,5.0,,0.02244310000241967,1.1232912223302378,5,6,(* (* (* (* (* V S) B) S) S) S),(((((V * S) * B) * S) * S) * S),goal
28,validation,GP_3,GP,,1,31,30,0.03333333333333333,299,519,818,5.0,,0.01491080000414513,1.1190781026584773,7,6,(+ (+ S B) (+ (+ B (min (abs K) (min S B))) B)),"((S + B) + ((B + min(abs(K), min(S, B))) + B))",goal
28,validation,GEP_1,GEP,,1,42,30,0.4,237,482,719,5.0,,0.014288099999248516,1.068421239930558,4,4,(* (* (* S V) (* C V)) S),(((S * V) * (C * V)) * S),goal
28,validation,GEP_2,GEP,,1,42,30,0.4,237,482,719,5.0,,0.010431499998958316,1.068421239930558,3,4,(* S (* (* V C) S)),(S * ((V * C) * S)),goal
28,validation,GEP_3,GEP,,1,31,30,0.03333333333333333,326,525,851,5.0,,0.015935200004605576,1.123186802004227,3,4,(+ B (+ S (+ B B))),(B + (S + (B + B))),goal
29,train,h1,Original,,1,31,31,0.0,4320,4434,8754,5.0,,0.37010309999459423,1.2428326177289293,,,,,goal
29,train,h2,Original,,1,31,31,0.0,4030,4418,8448,5.0,,0.5416616999937105,1.2396245983954315,,,,,goal
29,train,h4,Original,,1,31,31,0.0,3130,5468,8598,5.0,,0.37744179999572225,1.2279723402174039,,,,,goal
29,train,h_admissible,Original,,1,31,31,0.0,4310,4533,8843,5.0,,0.41222089999791933,1.2427255954455498,,,,,goal
29,train,h5,Original,,1,31,31,0.0,3186,5459,8645,5.0,,0.32557380000071134,1.2287892367734612,,,,,goal
29,train,GP_1,GP,,1,39,31,0.25806451612903225,1016,3055,4071,5.0,,0.05689729999721749,1.1300808628568362,3,4,(* (* (* V S) B) S),(((V * S) * B) * S),goal
29,train,GP_2,GP,,1,39,31,0.25806451612903225,1012,3047,4059,5.0,,0.07023979999939911,1.1299398506138019,5,6,(* (* (* (* (* V S) B) S) S) S),(((((V * S) * B) * S) * S) * S),goal
29,train,GP_3,GP,,1,32,31,0.03225806451612903,3209,5843,9052,5.0,,0.1970285999996122,1.2199522011362163,7,6,(+ (+ S B) (+ (+ B (min (abs K) (min S B))) B)),"((S + B) + ((B + min(abs(K), min(S, B))) + B))",goal
29,train,GEP_1,GEP,,1,40,31,0.2903225806451613,1076,2886,3962,5.0,,0.07132389999605948,1.1277979224642678,4,4,(* (* (* S V) (* C V)) S),(((S * V) * (C * V)) * S),goal
29,train,GEP_2,GEP,,1,40,31,0.2903225806451613,1076,2886,3962,5.0,,0.061937899998156354,1.1277979224642678,3,4,(* S (* (* V C) S)),(S * ((V * C) * S)),goal
29,train,GEP_3,GEP,,1,32,31,0.03225806451612903,3405,6191,9596,5.0,,0.21042010000383016,1.2225826030528886,3,4,(+ B (+ S (+ B B))),(B + (S + (B + B))),goal
30,test,h1,Original,,1,32,32,0.0,1134,1169,2303,5.0,,0.08371670000633458,1.1738262587134258,,,,,goal
30,test,h2,Original,,1,33,32,0.03125,1012,1126,2138,5.0,,0.10352480000437936,1.1620326765884812,,,,,goal
30,test,h4,Original,,1,32,32,0.0,887,1036,1923,5.0,,0.08606660000077682,1.1628939835418777,,,,,goal
30,test,h_admissible,Original,,1,32,32,0.0,1093,1161,2254,5.0,,0.08570469999540364,1.1721895016876829,,,,,goal
30,test,h5,Original,,1,32,32,0.0,889,1044,1933,5.0,,0.0680147000020952,1.1629943723768292,,,,,goal
30,test,GP_1,GP,,1,36,32,0.125,614,881,1495,5.0,,0.04332990000693826,1.1248209691544417,3,4,(* (* (* V S) B) S),(((V * S) * B) * S),goal
30,test,GP_2,GP,,1,36,32,0.125,614,881,1495,5.0,,0.03612730000168085,1.1248209691544417,5,6,(* (* (* (* (* V S) B) S) S) S),(((((V * S) * B) * S) * S) * S),goal
30,test,GP_3,GP,,1,32,32,0.0,894,1043,1937,5.0,,0.048499500000616536,1.1632443451434327,7,6,(+ (+ S B) (+ (+ B (min (abs K) (min S B))) B)),"((S + B) + ((B + min(abs(K), min(S, B))) + B))",goal
30,test,GEP_1,GEP,,1,36,32,0.125,600,868,1468,5.0,,0.02964369999972405,1.1239093903928392,4,4,(* (* (* S V) (* C V)) S),(((S * V) * (C * V)) * S),goal
30,test,GEP_2,GEP,,1,36,32,0.125,600,868,1468,5.0,,0.03452250000555068,1.1239093903928392,3,4,(* S (* (* V C) S)),(S * ((V * C) * S)),goal
30,test,GEP_3,GEP,,1,32,32,0.0,887,1023,1910,5.0,,0.04543690000718925,1.1628939835418777,3,4,(+ B (+ S (+ B B))),(B + (S + (B + B))),goal
31,train,h1,Original,,1,37,37,0.0,3868,4029,7897,5.0,,0.316430600003514,1.1896587179687024,,,,,goal
31,train,h2,Original,,1,37,37,0.0,3444,3668,7112,5.0,,0.3622373999969568,1.1853124102508543,,,,,goal
31,train,h4,Original,,1,37,37,0.0,3541,4799,8340,5.0,,0.3738131999998586,1.1863521812337687,,,,,goal
31,train,h_admissible,Original,,1,37,37,0.0,3829,4085,7914,5.0,,0.326669199996104,1.1892793547095426,,,,,goal
31,train,h5,Original,,1,37,37,0.0,3738,5373,9111,5.0,,0.39554620000126306,1.188378938704763,,,,,goal
31,train,GP_1,GP,,1,51,37,0.3783783783783784,2847,4808,7655,5.0,,0.1709153999981936,1.1185193394358084,3,4,(* (* (* V S) B) S),(((V * S) * B) * S),goal
31,train,GP_2,GP,,1,51,37,0.3783783783783784,2847,4808,7655,5.0,,0.18223459999717306,1.1185193394358084,5,6,(* (* (* (* (* V S) B) S) S) S),(((((V * S) * B) * S) * S) * S),goal
31,train,GP_3,GP,,1,37,37,0.0,3662,5435,9097,5.0,,0.23854999999457505,1.1876099877394815,7,6,(+ (+ S B) (+ (+ B (min (abs K) (min S B))) B)),"((S + B) + ((B + min(abs(K), min(S, B))) + B))",goal
31,train,GEP_1,GEP,,1,59,37,0.5945945945945946,3844,6391,10235,5.0,,0.23283169999922393,1.1052729280285498,4,4,(* (* (* S V) (* C V)) S),(((S * V) * (C * V)) * S),goal
31,train,GEP_2,GEP,,1,59,37,0.5945945945945946,3844,6391,10235,5.0,,0.22895769999740878,1.1052729280285498,3,4,(* S (* (* V C) S)),(S * ((V * C) * S)),goal
31,train,GEP_3,GEP,,1,37,37,0.0,3651,5339,8990,5.0,,0.2420669999992242,1.1874973722408413,3,4,(+ B (+ S (+ B B))),(B + (S + (B + B))),goal
32,train,h1,Original,,1,37,37,0.0,540,579,1119,5.0,,0.039254999996046536,1.115323284922738,,,,,goal
32,train,h2,Original,,1,37,37,0.0,516,561,1077,5.0,,0.05303699999785749,1.1135696254755203,,,,,goal
32,train,h4,Original,,1,37,37,0.0,470,600,1070,5.0,,0.04315449999558041,1.1099579247505744,,,,,goal
32,train,h_admissible,Original,,1,37,37,0.0,527,586,1113,5.0,,0.04912570000306005,1.1143836732260297,,,,,goal
32,train,h5,Original,,1,37,37,0.0,494,637,1131,5.0,,0.04372180000063963,1.1118859961355554,,,,,goal
32,train,GP_1,GP,,1,40,37,0.08108108108108109,377,587,964,5.0,,0.018909299993538298,1.0907470753684265,3,4,(* (* (* V S) B) S),(((V * S) * B) * S),goal
32,train,GP_2,GP,,1,40,37,0.08108108108108109,377,587,964,5.0,,0.01672569999936968,1.0907470753684265,5,6,(* (* (* (* (* V S) B) S) S) S),(((((V * S) * B) * S) * S) * S),goal
32,train,GP_3,GP,,1,37,37,0.0,495,641,1136,5.0,,0.0247730999981286,1.1119642022766243,7,6,(+ (+ S B) (+ (+ B (min (abs K) (min S B))) B)),"((S + B) + ((B + min(abs(K), min(S, B))) + B))",goal
32,train,GEP_1,GEP,,1,39,37,0.05405405405405406,340,545,885,5.0,,0.017861499996797647,1.0902331368027944,4,4,(* (* (* S V) (* C V)) S),(((S * V) * (C * V)) * S),goal
32,train,GEP_2,GEP,,1,39,37,0.05405405405405406,340,545,885,5.0,,0.01784330000373302,1.0902331368027944,3,4,(* S (* (* V C) S)),(S * ((V * C) * S)),goal
32,train,GEP_3,GEP,,1,37,37,0.0,487,616,1103,5.0,,0.02381260000402108,1.1113338968388575,3,4,(+ B (+ S (+ B B))),(B + (S + (B + B))),goal
33,validation,h1,Original,,1,40,40,0.0,3325,3829,7154,5.0,,0.294182899997395,1.1666354696705064,,,,,goal
33,validation,h2,Original,,1,40,40,0.0,1981,2301,4282,5.0,,0.2078107999986969,1.1488743958319105,,,,,goal
33,validation,h4,Original,,1,40,40,0.0,1886,2892,4778,5.0,,0.21451449999585748,1.147184609916522,,,,,goal
33,validation,h_admissible,Original,,1,40,40,0.0,2488,3087,5575,5.0,,0.2428922999970382,1.1566985538145094,,,,,goal
33,validation,h5,Original,,1,40,40,0.0,1908,2927,4835,5.0,,0.22613239999918733,1.1475834708615995,,,,,goal
33,validation,GP_1,GP,,1,45,40,0.125,1895,3259,5154,5.0,,0.15288069999951404,1.1266308078138714,3,4,(* (* (* V S) B) S),(((V * S) * B) * S),goal
33,validation,GP_2,GP,,1,45,40,0.125,1894,3258,5152,5.0,,0.1409085999985109,1.1266148621844359,5,6,(* (* (* (* (* V S) B) S) S) S),(((((V * S) * B) * S) * S) * S),goal
33,validation,GP_3,GP,,1,40,40,0.0,1715,2648,4363,5.0,,0.11360710000008112,1.1439135893884327,7,6,(+ (+ S B) (+ (+ B (min (abs K) (min S B))) B)),"((S + B) + ((B + min(abs(K), min(S, B))) + B))",goal
33,validation,GEP_1,GEP,,1,60,40,0.5,1405,2713,4118,5.0,,0.07722500000090804,1.0808224673286233,4,4,(* (* (* S V) (* C V)) S),(((S * V) * (C * V)) * S),goal
33,validation,GEP_2,GEP,,1,60,40,0.5,1426,2771,4197,5.0,,0.0746387000035611,1.0811553024556932,3,4,(* S (* (* V C) S)),(S * ((V * C) * S)),goal
33,validation,GEP_3,GEP,,1,40,40,0.0,1702,2679,4381,5.0,,0.09890360000281362,1.1436515422152773,3,4,(+ B (+ S (+ B B))),(B + (S + (B + B))),goal
34,train,h1,Original,,1,43,43,0.0,4318,4399,8717,5.0,,0.38919539999915287,1.1602818567114128,,,,,goal
34,train,h2,Original,,1,44,43,0.023255813953488372,4140,4340,8480,5.0,,0.4405348000000231,1.1544206932795453,,,,,goal
34,train,h4,Original,,1,43,43,0.0,3549,5286,8835,5.0,,0.3935683000017889,1.154099316710953,,,,,goal
34,train,h_admissible,Original,,1,43,43,0.0,4309,4477,8786,5.0,,0.4321870999992825,1.1602161150621857,,,,,goal
34,train,h5,Original,,1,43,43,0.0,3399,5304,8703,5.0,,0.3413598999977694,1.1527370655951774,,,,,goal
34,train,GP_1,GP,,1,51,43,0.18604651162790697,4186,7462,11648,5.0,,0.2644224000032409,1.128585805458511,3,4,(* (* (* V S) B) S),(((V * S) * B) * S),goal
34,train,GP_2,GP,,1,51,43,0.18604651162790697,4208,7476,11684,5.0,,0.26143539999611676,1.1287223649235874,5,6,(* (* (* (* (* V S) B) S) S) S),(((((V * S) * B) * S) * S) * S),goal
34,train,GP_3,GP,,1,44,43,0.023255813953488372,3118,5140,8258,5.0,,0.1996041999955196,1.1457070650633563,7,6,(+ (+ S B) (+ (+ B (min (abs K) (min S B))) B)),"((S + B) + ((B + min(abs(K), min(S, B))) + B))",goal
34,train,GEP_1,GEP,,1,51,43,0.18604651162790697,4872,8865,13737,5.0,,0.30800259999523405,1.1325365023198364,4,4,(* (* (* S V) (* C V)) S),(((S * V) * (C * V)) * S),goal
34,train,GEP_2,GEP,,1,51,43,0.18604651162790697,4866,8859,13725,5.0,,0.32554890000028536,1.132504445298034,3,4,(* S (* (* V C) S)),(S * ((V * C) * S)),goal
34,train,GEP_3,GEP,,1,44,43,0.023255813953488372,3128,5115,8243,5.0,,0.1943323999948916,1.1458055870637822,3,4,(+ B (+ S (+ B B))),(B + (S + (B + B))),goal
35,test,h1,Original,,1,43,43,0.0,3933,4099,8032,5.0,,0.31562449999910314,1.1573386874632003,,,,,goal
35,test,h2,Original,,1,43,43,0.0,3855,4045,7900,5.0,,0.40772159999323776,1.1567072241425214,,,,,goal
35,test,h4,Original,,1,43,43,0.0,3604,5065,8669,5.0,,0.3897722000037902,1.1545843364947208,,,,,goal
35,test,h_admissible,Original,,1,43,43,0.0,3919,4207,8126,5.0,,0.3441337999975076,1.157226280161126,,,,,goal
35,test,h5,Original,,1,43,43,0.0,3610,5176,8786,5.0,,0.360651200004213,1.1546367965468711,,,,,goal
35,test,GP_1,GP,,1,44,43,0.023255813953488372,4335,7991,12326,5.0,,0.3000451999978395,1.1558338429113943,3,4,(* (* (* V S) B) S),(((V * S) * B) * S),goal
35,test,GP_2,GP,,1,44,43,0.023255813953488372,4310,7924,12234,5.0,,0.2736966000011307,1.1556562816036562,5,6,(* (* (* (* (* V S) B) S) S) S),(((((V * S) * B) * S) * S) * S),goal
35,test,GP_3,GP,,1,43,43,0.0,3770,6155,9925,5.0,,0.22197489999962272,1.15600429546688,7,6,(+ (+ S B) (+ (+ B (min (abs K) (min S B))) B)),"((S + B) + ((B + min(abs(K), min(S, B))) + B))",goal
35,test,GEP_1,GEP,,1,44,43,0.023255813953488372,5677,9815,15492,5.0,,0.3373479999936535,1.1641092185727917,4,4,(* (* (* S V) (* C V)) S),(((S * V) * (C * V)) * S),goal
35,test,GEP_2,GEP,,1,44,43,0.023255813953488372,5677,9815,15492,5.0,,0.32199799999943934,1.1641092185727917,3,4,(* S (* (* V C) S)),(S * ((V * C) * S)),goal
35,test,GEP_3,GEP,,1,43,43,0.0,3654,6113,9767,5.0,,0.23155160000169417,1.1550188441617055,3,4,(+ B (+ S (+ B B))),(B + (S + (B + B))),goal
36,train,h1,Original,,1,44,44,0.0,2418,2731,5149,5.0,,0.19804819999990286,1.1378741134903017,,,,,goal
36,train,h2,Original,,1,45,44,0.022727272727272728,1998,2295,4293,5.0,,0.22056400000292342,1.1282289770177911,,,,,goal
36,train,h4,Original,,1,44,44,0.0,1778,1925,3703,5.0,,0.18052990000433056,1.128368209997431,,,,,goal
36,train,h_admissible,Original,,1,44,44,0.0,2245,2609,4854,5.0,,0.19580339999811258,1.1355827386819968,,,,,goal
36,train,h5,Original,,1,44,44,0.0,1788,1993,3781,5.0,,0.15190480000455864,1.1285420275586677,,,,,goal
36,train,GP_1,GP,,1,45,44,0.022727272727272728,2300,2549,4849,5.0,,0.13840609999897424,1.1324727807338064,3,4,(* (* (* V S) B) S),(((V * S) * B) * S),goal
36,train,GP_2,GP,,1,45,44,0.022727272727272728,2300,2549,4849,5.0,,0.14572290000069188,1.1324727807338064,5,6,(* (* (* (* (* V S) B) S) S) S),(((((V * S) * B) * S) * S) * S),goal
36,train,GP_3,GP,,1,44,44,0.0,1756,1818,3574,5.0,,0.11736360000213608,1.1279822837847444,7,6,(+ (+ S B) (+ (+ B (min (abs K) (min S B))) B)),"((S + B) + ((B + min(abs(K), min(S, B))) + B))",goal
36,train,GEP_1,GEP,,1,46,44,0.045454545454545456,2343,2673,5016,5.0,,0.14637909999873955,1.1293518482052427,4,4,(* (* (* S V) (* C V)) S),(((S * V) * (C * V)) * S),goal
36,train,GEP_2,GEP,,1,46,44,0.045454545454545456,2343,2673,5016,5.0,,0.13353099999949336,1.1293518482052427,3,4,(* S (* (* V C) S)),(S * ((V * C) * S)),goal
36,train,GEP_3,GEP,,1,44,44,0.0,1773,1865,3638,5.0,,0.11830059999920195,1.128280927851769,3,4,(+ B (+ S (+ B B))),(B + (S + (B + B))),goal
37,train,h1,Original,,1,47,47,0.0,1942,1949,3891,5.0,,0.17149699999572476,1.1204546373680913,,,,,goal
37,train,h2,Original,,1,47,47,0.0,1853,1958,3811,5.0,,0.24377900000399677,1.1191029080400483,,,,,goal
37,train,h4,Original,,1,47,47,0.0,1339,2476,3815,5.0,,0.15738209999835817,1.1097044223939037,,,,,goal
37,train,h_admissible,Original,,1,47,47,0.0,1938,2048,3986,5.0,,0.17938480000157142,1.1203952526763779,,,,,goal
37,train,h5,Original,,1,48,47,0.02127659574468085,1243,2265,3508,5.0,,0.13513809999858495,1.104618711990291,,,,,goal
37,train,GP_1,GP,,1,50,47,0.06382978723404255,1149,1766,2915,5.0,,0.06717039999784902,1.097027488546786,3,4,(* (* (* V S) B) S),(((V * S) * B) * S),goal
37,train,GP_2,GP,,1,50,47,0.06382978723404255,1149,1766,2915,5.0,,0.06928229999903124,1.097027488546786,5,6,(* (* (* (* (* V S) B) S) S) S),(((((V * S) * B) * S) * S) * S),goal
37,train,GP_3,GP,,1,48,47,0.02127659574468085,964,1485,2449,5.0,,0.06397990000550635,1.0973568792733772,7,6,(+ (+ S B) (+ (+ B (min (abs K) (min S B))) B)),"((S + B) + ((B + min(abs(K), min(S, B))) + B))",goal
37,train,GEP_1,GEP,,1,53,47,0.1276595744680851,1319,2136,3455,5.0,,0.08059320000029402,1.093401957508199,4,4,(* (* (* S V) (* C V)) S),(((S * V) * (C * V)) * S),goal
37,train,GEP_2,GEP,,1,53,47,0.1276595744680851,1319,2136,3455,5.0,,0.08188750000408618,1.093401957508199,3,4,(* S (* (* V C) S)),(S * ((V * C) * S)),goal
37,train,GEP_3,GEP,,1,48,47,0.02127659574468085,1012,1528,2540,5.0,,0.05911049999849638,1.098749751644121,3,4,(+ B (+ S (+ B B))),(B + (S + (B + B))),goal
38,validation,h1,Original,,1,48,48,0.0,3362,3725,7087,5.0,,0.30563570000231266,1.132623388876243,,,,,goal
38,validation,h2,Original,,1,49,48,0.020833333333333332,2974,3287,6261,5.0,,0.30242709999583894,1.1258705973546483,,,,,goal
38,validation,h4,Original,,1,48,48,0.0,2897,4144,7041,5.0,,0.30669050000142306,1.128463844492316,,,,,goal
38,validation,h_admissible,Original,,1,48,48,0.0,3196,3705,6901,5.0,,0.2803585000001476,1.1312093275047688,,,,,goal
38,validation,h5,Original,,1,48,48,0.0,2948,4365,7313,5.0,,0.27478549999796087,1.128951877493094,,,,,goal
38,validation,GP_1,GP,,1,72,48,0.5,2110,3254,5364,5.0,,0.1054634999964037,1.071161442771814,3,4,(* (* (* V S) B) S),(((V * S) * B) * S),goal
38,validation,GP_2,GP,,1,72,48,0.5,2110,3254,5364,5.0,,0.11689230000047246,1.071161442771814,5,6,(* (* (* (* (* V S) B) S) S) S),(((((V * S) * B) * S) * S) * S),goal
38,validation,GP_3,GP,,1,50,48,0.041666666666666664,3125,4464,7589,5.0,,0.1990012999958708,1.1240190689016583,7,6,(+ (+ S B) (+ (+ B (min (abs K) (min S B))) B)),"((S + B) + ((B + min(abs(K), min(S, B))) + B))",goal
38,validation,GEP_1,GEP,,1,80,48,0.6666666666666666,2694,4109,6803,5.0,,0.14532650000182912,1.0661528120045443,4,4,(* (* (* S V) (* C V)) S),(((S * V) * (C * V)) * S),goal
38,validation,GEP_2,GEP,,1,80,48,0.6666666666666666,2694,4109,6803,5.0,,0.1402278999958071,1.0661528120045443,3,4,(* S (* (* V C) S)),(S * ((V * C) * S)),goal
38,validation,GEP_3,GEP,,1,50,48,0.041666666666666664,3081,4292,7373,5.0,,0.18847390000155428,1.1236401561856404,3,4,(+ B (+ S (+ B B))),(B + (S + (B + B))),goal
39,train,h1,Original,,1,50,50,0.0,3570,3677,7247,5.0,,0.2907699000061257,1.1275730892252764,,,,,goal
39,train,h2,Original,,1,50,50,0.0,3570,3723,7293,5.0,,0.3600088999955915,1.1275730892252764,,,,,goal
39,train,h4,Original,,1,50,50,0.0,3498,4498,7996,5.0,,0.33247339999797987,1.1270295733420514,,,,,goal
39,train,h_admissible,Original,,1,50,50,0.0,3564,3729,7293,5.0,,0.29137510000145994,1.1275282218395581,,,,,goal
39,train,h5,Original,,1,50,50,0.0,3582,4810,8392,5.0,,0.35064240000065183,1.127662595534574,,,,,goal
39,train,GP_1,GP,,1,66,50,0.32,4661,6489,11150,5.0,,0.2759994999942137,1.0952923586881171,3,4,(* (* (* V S) B) S),(((V * S) * B) * S),goal
39,train,GP_2,GP,,1,66,50,0.32,4579,6389,10968,5.0,,0.26678170000377577,1.0949430065323815,5,6,(* (* (* (* (* V S) B) S) S) S),(((((V * S) * B) * S) * S) * S),goal
39,train,GP_3,GP,,1,51,50,0.02,4069,5580,9649,5.0,,0.22017739999864716,1.1278471481206855,7,6,(+ (+ S B) (+ (+ B (min (abs K) (min S B))) B)),"((S + B) + ((B + min(abs(K), min(S, B))) + B))",goal
39,train,GEP_1,GEP,,1,63,50,0.26,5066,7529,12595,5.0,,0.27882839999801945,1.1026903547473645,4,4,(* (* (* S V) (* C V)) S),(((S * V) * (C * V)) * S),goal
39,train,GEP_2,GEP,,1,63,50,0.26,5066,7529,12595,5.0,,0.2914639000009629,1.1026903547473645,3,4,(* S (* (* V C) S)),(S * ((V * C) * S)),goal
39,train,GEP_3,GEP,,1,51,50,0.02,3893,5232,9125,5.0,,0.22413890000461834,1.1266945443141108,3,4,(+ B (+ S (+ B B))),(B + (S + (B + B))),goal
40,test,h1,Original,,1,51,51,0.0,3003,3206,6209,5.0,,0.248673999994935,1.1199156037094182,,,,,goal
40,test,h2,Original,,1,51,51,0.0,2628,2967,5595,5.0,,0.2947294999976293,1.116422090308495,,,,,goal
40,test,h4,Original,,1,51,51,0.0,2171,3045,5216,5.0,,0.21615890000248328,1.1114046618098818,,,,,goal
40,test,h_admissible,Original,,1,51,51,0.0,2930,3201,6131,5.0,,0.2615575000017998,1.1192716270319552,,,,,goal
40,test,h5,Original,,1,51,51,0.0,2184,3152,5336,5.0,,0.20493749999877764,1.1115617421422828,,,,,goal
40,test,GP_1,GP,,1,51,51,0.0,3253,4940,8193,5.0,,0.18485279999731574,1.1220065312398315,3,4,(* (* (* V S) B) S),(((V * S) * B) * S),goal
40,test,GP_2,GP,,1,51,51,0.0,3253,4940,8193,5.0,,0.21122299999842653,1.1220065312398315,5,6,(* (* (* (* (* V S) B) S) S) S),(((((V * S) * B) * S) * S) * S),goal
40,test,GP_3,GP,,1,51,51,0.0,1788,2607,4395,5.0,,0.12767840000014985,1.106287053119841,7,6,(+ (+ S B) (+ (+ B (min (abs K) (min S B))) B)),"((S + B) + ((B + min(abs(K), min(S, B))) + B))",goal
40,test,GEP_1,GEP,,1,51,51,0.0,3154,5006,8160,5.0,,0.19073289999505505,1.1211986903657722,4,4,(* (* (* S V) (* C V)) S),(((S * V) * (C * V)) * S),goal
40,test,GEP_2,GEP,,1,51,51,0.0,3154,5006,8160,5.0,,0.19994579999911366,1.1211986903657722,3,4,(* S (* (* V C) S)),(S * ((V * C) * S)),goal
40,test,GEP_3,GEP,,1,51,51,0.0,1848,2712,4560,5.0,,0.12753309999970952,1.107158905283189,3,4,(+ B (+ S (+ B B))),(B + (S + (B + B))),goal
